<?xml version="1.0" encoding="utf-8"?>

<!--
  © 2014-2016 Barroux Abbey (www.barroux.org)
  © 2014-2016 Akretion France (www.akretion.com)
  @author: Alexis de Lattre <alexis.delattre@akretion.com>
  License AGPL-3.0 or later (http://www.gnu.org/licenses/agpl).
-->

<odoo>
    <data noupdate="0">

        <record id="module_category_donation" model="ir.module.category">
            <field name="name">Donation</field>
            <field name="description">Manage donations</field>
            <field name="sequence">45</field>
        </record>
    
        <record id="group_donation_viewer" model="res.groups">
            <field name="name">Viewer</field>
            <field name="category_id" ref="module_category_donation"/>
        </record>
    
        <record id="group_donation_user" model="res.groups">
            <field name="name">User</field>
            <field name="category_id" ref="module_category_donation"/>
            <field name="implied_ids" eval="[(4, ref('group_donation_viewer'))]"/>
        </record>
    
        <record id="group_donation_manager" model="res.groups">
            <field name="name">Manager</field>
            <field name="category_id" ref="module_category_donation"/>
            <field name="implied_ids" eval="[(4, ref('group_donation_user'))]"/>
            <field name="users" eval="[(4, ref('base.user_root'))]"/>
        </record>
    
        <record id="group_donation_check_total" model="res.groups">
            <field name="name">Donation Check Total</field>
        </record>

    </data>

    <data noupdate="1">

        <record id="base.default_user" model="res.users">
            <field name="groups_id" eval="[(4, ref('group_donation_manager'))]"/>
        </record>

        <!-- Multi-company Rules -->
        <record id="donation_company_rule" model="ir.rule">
            <field name="name">Donation Multi-company</field>
            <field name="model_id" ref="model_donation_donation"/>
            <field name="domain_force">['|', ('company_id', '=', False), ('company_id', 'child_of', [user.company_id.id])]</field>
        </record>

        <record id="donation_report_company_rule" model="ir.rule">
            <field name="name">Donation Report Multi-company</field>
            <field name="model_id" ref="model_donation_report"/>
            <field name="domain_force">['|', ('company_id', '=', False), ('company_id', 'child_of', [user.company_id.id])]</field>
        </record>

    </data>

</odoo>
