<?xml version="1.0" encoding="utf-8" ?>
<!--
  © 2014-2016 Barroux Abbey (www.barroux.org)
  © 2014-2016 Akretion France (www.akretion.com)
  @author: Alexis de Lattre <alexis.delattre@akretion.com>
  License AGPL-3.0 or later (http://www.gnu.org/licenses/agpl).
-->
<odoo noupdate="1">
    <record id="donation_credit_trf_journal_seq" model="ir.sequence">
        <field name="name">Journal Donations via Credit Transfer</field>
        <field name="prefix">DONTRF/</field>
        <field name="padding">6</field>
        <field name="company_id" ref="base.main_company" />
    </record>
    <!-- The user will have to configure manually the default_credit_account_id
and default_debit_account_id, we can't do that for him -->
    <record id="donation_account" model="account.account">
        <field name="name">Donations via Credit Transfer</field>
        <field name="code">101402</field>
        <field name="user_type_id" ref="account.data_account_type_revenue"/>
        <field name="reconcile">True</field>
    </record>
    <record id="donation_credit_trf_journal" model="account.journal">
        <field name="name">Donations via Credit Transfer</field>
        <field name="code">DONTF</field>
        <field name="type">bank</field>
        <field name="sequence_id" ref="donation_credit_trf_journal_seq" />
        <field name="company_id" ref="base.main_company" />
        <field name="default_credit_account_id" ref="donation_account" />
        <field name="default_debit_account_id" ref="donation_account" />
        <field name="allow_donation">1</field>
    </record>
    <record id="base.main_company" model="res.company">
        <field name="donation_credit_transfer_journal_id" ref="donation_credit_trf_journal" />
        <field name="donation_credit_transfer_product_id" ref="donation_base.product_product_donation" />
    </record>
</odoo>
