<?xml version="1.0" encoding="utf-8"?>

<odoo noupdate="1">

    <record id="quest_origin" model="donation.campaign">
        <field name="code">Q1</field>
        <field name="name">Quest Christmas 2015</field>
    </record>

    <record id="prospecting_origin" model="donation.campaign">
        <field name="code">P1</field>
        <field name="name">Prospecting 2016</field>
    </record>

    <record id="catalog_origin" model="donation.campaign">
        <field name="code">C1</field>
        <field name="name">Catalog Q1 2016</field>
    </record>

    <record id="base.user_demo" model="res.users">
        <field name="groups_id" eval="[(4, ref('group_donation_user'))]"/>
    </record>

</odoo>
