<?xml version="1.0" encoding="utf-8" ?>
<!--
  © 2015-2016 Akretion France (Alexis de Lattre <alexis.delattre@akretion.com>)
  License AGPL-3.0 or later (http://www.gnu.org/licenses/agpl).
-->
<odoo noupdate="1">
    <record id="donor2_iban" model="res.partner.bank">
        <field name="acc_number">FR93 1277 1277 1277 1277 1277 127</field>
        <field name="partner_id" ref="donation_base.donor2" />
        <field name="bank_id" ref="account_payment_mode.bank_la_banque_postale" />
    </record>
    <record id="donor2_mandate" model="account.banking.mandate">
        <field name="partner_bank_id" ref="donor2_iban" />
        <field name="type">recurrent</field>
        <field name="recurrent_sequence_type">first</field>
        <field name="signature_date" eval="time.strftime('%Y-01-01')" />
        <field name="state">valid</field>
    </record>
    <record id="donor4" model="res.partner">
        <field name="name">Bella Andalouse</field>
        <field name="customer" eval="1" />
        <field name="street">42 avenue de la République</field>
        <field name="zip">50550</field>
        <field name="city">Saint-Vaast la Hougue</field>
        <field name="country_id" ref="base.fr" />
        <field name="email">bella.andalouse@yahoo.example.com</field>
        <field name="customer_payment_mode_id" ref="account_banking_sepa_direct_debit.payment_mode_inbound_sepa_dd1" />
    </record>
    <record id="bank_direct_debit" model="account.payment.method">
        <field name="name">Bank Direct Debit for customers</field>
        <field name="code">bank_direct_debit</field>
        <field name="payment_type">inbound</field>
        <field name="bank_account_required" eval="True"/>
        <field name="mandate_required" eval="True"/>
        <field name="pain_version">pain.008.001.02</field>
    </record>
    <record id="payment_mode_inbound_bank_dd1" model="account.payment.mode">
        <field name="name">Bank Direct Debit of customers</field>
        <field name="company_id" ref="base.main_company"/>
        <field name="bank_account_link">variable</field>
        <field name="payment_method_id" ref="bank_direct_debit"/>
        <field name="default_journal_ids" search="[('type', 'in', ('sale', 'sale_refund'))]"/>
    </record>
    <record id="donor5" model="res.partner">
        <field name="name">Max Mustermann</field>
        <field name="customer" eval="1" />
        <field name="street">Musterstrasse 1</field>
        <field name="zip">32321</field>
        <field name="city">Musterstadt</field>
        <field name="country_id" ref="base.fr" />
        <field name="email">max.mustermann@yahoo.example.com</field>
        <field name="customer_payment_mode_id" ref="payment_mode_inbound_bank_dd1" />
    </record>
    <record id="donor5_iban" model="res.partner.bank">
        <field name="acc_number">FR50 4266 4266 4266 4266 4266 624</field>
        <field name="partner_id" ref="donor5" />
        <field name="bank_id" ref="account_payment_mode.bank_la_banque_postale" />
    </record>
    <record id="donor5_mandate" model="account.banking.mandate">
        <field name="partner_bank_id" ref="donor5_iban" />
        <field name="type">recurrent</field>
        <field name="recurrent_sequence_type">first</field>
        <field name="signature_date" eval="time.strftime('%Y-%m-01')" />
        <field name="state">valid</field>
    </record>
    <record id="donor4_iban" model="res.partner.bank">
        <field name="acc_number">FR50 4266 4266 4266 4266 4266 426</field>
        <field name="partner_id" ref="donor4" />
        <field name="bank_id" ref="account_payment_mode.bank_la_banque_postale" />
    </record>
    <record id="donor4_mandate" model="account.banking.mandate">
        <field name="partner_bank_id" ref="donor4_iban" />
        <field name="type">recurrent</field>
        <field name="recurrent_sequence_type">first</field>
        <field name="signature_date" eval="time.strftime('%Y-%m-01')" />
        <field name="state">valid</field>
    </record>
    <record id="donation6" model="donation.donation">
        <field name="currency_id" ref="base.EUR" />
        <field name="check_total">150</field>
        <field name="partner_id" ref="donor4" />
        <field name="donation_date" eval="time.strftime('%Y-%m-01')" />
        <field name="journal_id" search="[('type', '=', 'bank')]" />
        <field name="payment_ref">Don prelev SEPA</field>
        <field name="campaign_id" ref="donation.prospecting_origin" />
        <field name="mandate_id" ref="donor4_mandate" />
        <field name="payment_mode_id" ref="account_banking_sepa_direct_debit.payment_mode_inbound_sepa_dd1" />
    </record>
    <record id="donation6_l1" model="donation.line">
        <field name="donation_id" ref="donation6" />
        <field name="product_id" ref="donation_base.product_product_donation" />
        <field name="quantity">1</field>
        <field name="unit_price">150</field>
    </record>
</odoo>
